1,01.jpg,images/gallery_large,images/gallery_small,space,2021-05-10
2,02.jpg,images/gallery_large,images/gallery_small,earth space,2021-05-10
3,03.jpg,images/gallery_large,images/gallery_small,space all around,2021-05-10
4,04.jpg,images/gallery_large,images/gallery_small,space in the clouds,2021-05-10
5,05.jpg,images/gallery_large,images/gallery_small,no reason to be real,2021-05-10
6,06.jpg,images/gallery_large,images/gallery_small,space from space,2021-05-10
7,07.jpg,images/gallery_large,images/gallery_small,green river under sky,2021-05-10
8,08.jpg,images/gallery_large,images/gallery_small,the tower in darkness,2021-05-10
9,09.jpg,images/gallery_large,images/gallery_small,sailing through the oceans,2021-05-10
10,10.jpg,images/gallery_large,images/gallery_small,in the midway,2021-05-10
11,11.jpg,images/gallery_large,images/gallery_small,just stars,2021-05-10
12,12.jpg,images/gallery_large,images/gallery_small,some dreams in the space,2021-05-10
13,13.jpg,images/gallery_large,images/gallery_small,the bridge,2021-05-10
14,14.jpg,images/gallery_large,images/gallery_small,long long tower wall in China,2021-05-10
15,15.jpg,images/gallery_large,images/gallery_small,Euffel the great,2021-05-10
